{"cameraMode":{"drawMode":0,"name":"Shaded","section":"Shading Mode"},"sceneLighting":true,"audioPlay":false,"sceneViewState":{"m_AlwaysRefresh":false,"showFog":true,"showSkybox":true,"showFlares":true,"showImageEffects":true,"showParticleSystems":true,"showVisualEffectGraphs":true,"m_FxEnabled":true},"in2DMode":false,"pivot":{"x":34.25004959106445,"y":113.26541137695313,"z":-132.1382598876953},"rotation":{"x":-0.17322200536727906,"y":-0.04814355820417404,"z":0.008475364185869694,"w":-0.9836738109588623},"size":257.18780517578127,"orthographic":false}